Data Catogory,facility_id,t_strt,t_stop,pred_freq,pred_#,accuracy_score,recall_score,precision_score,f1_score
Training data,10085456,2/27/2022 5:40,1/7/2023 16:25,0 days 00:10:00,27450,0.997559199,0.997075002,1,0.998535359
Training data,10085460,1/11/2022 22:33,2/24/2023 14:44, 0 days 00:10:00,36082,0.997810543,0.997612283,1,0.998804715
Validation data,10085651,5/20/2022 16:34,2/24/2023 14:49,0 days 00:10:00,25132,0.915446443,0.870812815,1,0.930945959
Validation data,10086098,2/14/2022 16:42,2/24/2023 14:42,0 days 00:10:00,32751,1,1,1,1
Validation data,10090900,2/3/2022 15:20,2/24/2023 14:21,0 days 00:10:00,34016,0.999470837,1,0.999291924,0.999645837
